"Date","Time","VehicleType","Route","Reason","DelayDuration"
2024-06-29,"07:23:16","Bus","Route 179","Weather",10
2024-08-23,"10:25:27","Streetcar","Route 190","Weather",14
2024-07-20,"16:24:47","Bus","Route 162","Mechanical",51
2024-07-07,"00:49:58","Bus","Route 11","Emergency",37
2024-11-02,"04:10:59","Bus","Route 59","Mechanical",42
2024-04-14,"19:15:06","Streetcar","Route 168","Operational",51
2024-07-12,"08:47:55","Bus","Route 133","Operational",28
2024-05-03,"04:28:41","Bus","Route 120","Mechanical",48
2024-01-07,"04:41:30","Subway","Route 17","Weather",19
2024-01-02,"04:58:10","Subway","Route 55","Mechanical",52
2024-07-27,"20:51:04","Bus","Route 174","Weather",12
2024-07-28,"19:31:55","Bus","Route 175","Operational",16
2024-12-04,"19:21:00","Bus","Route 81","Operational",29
2024-06-27,"10:56:13","Bus","Route 105","Emergency",55
2024-10-07,"23:53:37","Bus","Route 71","Mechanical",31
2024-03-12,"12:24:01","Subway","Route 42","Mechanical",53
2024-04-05,"23:32:35","Bus","Route 174","Operational",34
2024-02-12,"13:38:51","Streetcar","Route 168","Mechanical",34
2024-12-28,"05:47:28","Bus","Route 62","Emergency",50
2024-11-08,"03:40:02","Streetcar","Route 133","Operational",28
2024-11-25,"00:38:39","Bus","Route 119","Security",55
2024-08-03,"08:04:04","Streetcar","Route 132","Emergency",57
2024-05-24,"22:40:22","Streetcar","Route 141","Mechanical",58
2024-02-15,"23:22:38","Streetcar","Route 77","Weather",7
2024-03-19,"20:53:01","Subway","Route 75","Security",59
2024-04-11,"00:33:35","Subway","Route 98","Operational",18
2024-02-04,"05:29:28","Bus","Route 199","Mechanical",42
2024-12-15,"23:43:44","Streetcar","Route 38","Mechanical",31
2024-12-27,"08:44:35","Bus","Route 91","Security",32
2024-10-08,"16:55:28","Bus","Route 143","Weather",54
2024-01-17,"06:37:01","Streetcar","Route 62","Operational",43
2024-02-07,"07:27:57","Subway","Route 50","Mechanical",37
2024-06-09,"15:39:33","Bus","Route 124","Mechanical",31
2024-03-29,"02:35:51","Subway","Route 170","Operational",31
2024-02-22,"01:57:49","Bus","Route 94","Emergency",41
2024-11-08,"18:44:53","Bus","Route 58","Mechanical",36
2024-06-08,"20:30:55","Bus","Route 138","Operational",45
2024-11-05,"11:35:21","Bus","Route 39","Emergency",7
2024-04-26,"20:22:29","Bus","Route 73","Mechanical",52
2024-07-30,"01:23:55","Streetcar","Route 98","Mechanical",30
2024-01-18,"15:17:01","Bus","Route 40","Weather",29
2024-02-29,"08:56:36","Streetcar","Route 26","Mechanical",34
2024-06-18,"10:59:06","Streetcar","Route 128","Weather",47
2024-03-01,"17:53:29","Subway","Route 37","Operational",32
2024-01-05,"19:38:49","Streetcar","Route 52","Operational",55
2024-01-15,"13:05:37","Streetcar","Route 170","Mechanical",24
2024-07-24,"20:43:10","Streetcar","Route 89","Mechanical",19
2024-01-14,"17:26:27","Subway","Route 80","Mechanical",4
2024-09-18,"09:42:50","Subway","Route 158","Weather",11
2024-07-28,"23:07:55","Streetcar","Route 111","Mechanical",38
2024-07-25,"04:48:48","Bus","Route 91","Operational",3
2024-02-05,"16:40:12","Bus","Route 4","Operational",30
2024-08-06,"00:55:59","Subway","Route 67","Emergency",3
2024-12-11,"08:37:06","Streetcar","Route 131","Operational",33
2024-08-11,"22:14:30","Bus","Route 8","Mechanical",57
2024-12-31,"15:14:00","Streetcar","Route 75","Operational",52
2024-12-27,"06:13:25","Bus","Route 170","Weather",18
2024-08-17,"14:53:33","Streetcar","Route 20","Mechanical",39
2024-07-28,"04:19:02","Bus","Route 159","Operational",32
2024-04-29,"18:32:41","Bus","Route 138","Operational",5
2024-10-26,"21:43:19","Subway","Route 96","Operational",6
2024-05-20,"06:33:22","Subway","Route 136","Weather",16
2024-07-23,"06:49:21","Bus","Route 103","Operational",43
2024-07-31,"21:37:47","Streetcar","Route 2","Operational",36
2024-09-11,"12:26:21","Streetcar","Route 4","Mechanical",23
2024-10-24,"13:00:37","Streetcar","Route 147","Emergency",41
2024-04-01,"06:14:40","Bus","Route 10","Weather",13
2024-09-29,"11:33:41","Subway","Route 186","Operational",20
2024-11-15,"18:37:09","Subway","Route 88","Mechanical",45
2024-07-23,"18:18:55","Bus","Route 74","Operational",21
2024-02-25,"05:06:24","Streetcar","Route 185","Operational",14
2024-10-11,"16:14:35","Streetcar","Route 87","Security",5
2024-10-30,"05:20:19","Bus","Route 55","Security",19
2024-02-17,"08:10:26","Streetcar","Route 162","Operational",8
2024-04-04,"18:17:56","Bus","Route 3","Operational",22
2024-06-04,"04:15:53","Bus","Route 182","Operational",46
2024-01-03,"14:26:58","Streetcar","Route 57","Mechanical",7
2024-04-29,"16:49:12","Bus","Route 27","Operational",8
2024-08-28,"13:43:41","Bus","Route 123","Emergency",12
2024-03-16,"00:20:49","Streetcar","Route 106","Emergency",18
2024-05-31,"18:47:17","Streetcar","Route 145","Mechanical",16
2024-02-15,"06:45:43","Bus","Route 169","Weather",53
2024-04-04,"17:38:21","Streetcar","Route 125","Mechanical",7
2024-12-11,"18:48:45","Bus","Route 72","Operational",38
2024-09-15,"20:51:06","Streetcar","Route 3","Mechanical",12
2024-08-29,"13:39:09","Bus","Route 118","Security",7
2024-05-24,"03:11:14","Bus","Route 170","Mechanical",9
2024-08-22,"01:39:00","Streetcar","Route 105","Mechanical",38
2024-01-07,"13:14:51","Streetcar","Route 21","Mechanical",55
2024-09-16,"12:28:26","Streetcar","Route 117","Operational",9
2024-05-01,"12:54:52","Bus","Route 21","Mechanical",25
2024-08-16,"05:52:58","Bus","Route 50","Mechanical",47
2024-04-01,"10:03:25","Subway","Route 53","Weather",6
2024-07-26,"04:21:42","Subway","Route 119","Mechanical",49
2024-01-17,"23:35:32","Bus","Route 55","Mechanical",44
2024-08-14,"20:45:03","Streetcar","Route 57","Operational",51
2024-02-06,"04:50:10","Bus","Route 108","Mechanical",57
2024-01-07,"19:14:41","Streetcar","Route 59","Operational",29
2024-12-10,"06:16:39","Subway","Route 99","Emergency",28
2024-04-16,"13:20:09","Streetcar","Route 107","Weather",4
2024-08-22,"23:55:45","Streetcar","Route 106","Mechanical",9
2024-11-13,"06:00:41","Bus","Route 145","Operational",28
2024-10-18,"07:47:48","Subway","Route 156","Security",3
2024-02-10,"06:52:44","Subway","Route 124","Emergency",53
2024-11-11,"12:28:35","Bus","Route 18","Weather",51
2024-05-30,"11:17:28","Streetcar","Route 155","Operational",46
2024-12-24,"02:43:31","Bus","Route 53","Mechanical",50
2024-04-29,"02:17:08","Streetcar","Route 63","Mechanical",51
2024-05-28,"09:23:44","Subway","Route 37","Emergency",48
2024-08-26,"08:58:51","Bus","Route 8","Mechanical",4
2024-10-19,"13:58:42","Bus","Route 13","Weather",39
2024-09-26,"01:05:06","Streetcar","Route 122","Weather",16
2024-08-27,"23:11:56","Subway","Route 1","Operational",30
2024-04-16,"20:38:05","Bus","Route 11","Mechanical",46
2024-03-26,"22:08:39","Subway","Route 119","Emergency",31
2024-10-04,"00:10:12","Streetcar","Route 11","Weather",10
2024-09-21,"04:03:59","Bus","Route 66","Emergency",23
2024-08-11,"04:42:25","Streetcar","Route 71","Weather",51
2024-04-04,"15:16:53","Subway","Route 175","Mechanical",57
2024-02-16,"12:19:44","Streetcar","Route 29","Emergency",23
2024-05-09,"16:04:58","Bus","Route 144","Mechanical",7
2024-06-26,"23:10:47","Streetcar","Route 115","Emergency",43
2024-10-02,"18:34:22","Streetcar","Route 25","Mechanical",21
2024-03-04,"14:00:58","Subway","Route 32","Mechanical",51
2024-03-23,"23:45:40","Subway","Route 14","Operational",12
2024-01-17,"13:02:21","Bus","Route 125","Emergency",26
2024-09-24,"23:36:47","Bus","Route 192","Mechanical",29
2024-05-11,"06:25:03","Bus","Route 52","Weather",37
2024-10-05,"18:55:03","Streetcar","Route 179","Mechanical",16
2024-03-11,"04:48:15","Subway","Route 171","Mechanical",3
2024-11-28,"20:20:16","Streetcar","Route 90","Mechanical",60
2024-07-03,"22:32:03","Bus","Route 196","Emergency",50
2024-04-01,"14:10:02","Bus","Route 184","Weather",37
2024-08-17,"02:58:41","Bus","Route 79","Weather",56
2024-09-30,"23:02:01","Bus","Route 145","Weather",18
2024-12-01,"04:22:50","Streetcar","Route 20","Weather",53
2024-03-29,"18:59:39","Bus","Route 168","Operational",50
2024-08-15,"14:50:38","Streetcar","Route 103","Operational",31
2024-02-10,"00:07:51","Bus","Route 65","Mechanical",13
2024-09-10,"00:44:43","Bus","Route 193","Mechanical",35
2024-07-18,"14:49:37","Bus","Route 103","Operational",50
2024-11-30,"07:42:34","Streetcar","Route 38","Operational",4
2024-09-03,"17:54:04","Bus","Route 39","Mechanical",25
2024-05-10,"19:11:52","Streetcar","Route 73","Operational",27
2024-04-20,"11:02:38","Subway","Route 25","Operational",8
2024-05-29,"00:42:12","Bus","Route 32","Emergency",40
2024-02-15,"05:29:37","Streetcar","Route 142","Mechanical",55
2024-08-24,"16:06:02","Subway","Route 100","Weather",6
2024-09-03,"02:28:05","Streetcar","Route 136","Operational",60
2024-03-04,"10:03:25","Bus","Route 105","Emergency",55
2024-06-13,"03:43:58","Subway","Route 125","Mechanical",22
2024-01-18,"18:07:17","Subway","Route 176","Mechanical",4
2024-11-12,"17:59:53","Bus","Route 66","Operational",54
2024-03-27,"22:58:24","Streetcar","Route 81","Emergency",37
2024-09-09,"04:43:19","Streetcar","Route 83","Weather",19
2024-07-23,"07:51:01","Bus","Route 197","Mechanical",16
2024-10-25,"18:44:29","Bus","Route 168","Emergency",29
2024-04-16,"23:23:46","Bus","Route 115","Emergency",14
2024-01-16,"00:47:58","Bus","Route 21","Emergency",48
2024-02-14,"17:04:53","Bus","Route 35","Operational",17
2024-06-02,"19:05:54","Streetcar","Route 183","Security",9
2024-07-27,"23:12:19","Bus","Route 170","Operational",28
2024-12-14,"21:40:47","Subway","Route 20","Operational",34
2024-10-16,"11:01:18","Bus","Route 129","Mechanical",49
2024-07-21,"21:05:32","Bus","Route 77","Security",57
2024-07-09,"15:10:36","Streetcar","Route 52","Emergency",4
2024-01-31,"23:55:48","Streetcar","Route 87","Mechanical",9
2024-09-23,"05:26:41","Bus","Route 129","Mechanical",27
2024-08-22,"06:57:34","Subway","Route 106","Mechanical",57
2024-10-23,"21:49:37","Subway","Route 7","Security",9
2024-08-15,"11:48:24","Bus","Route 95","Weather",4
2024-11-05,"23:16:02","Streetcar","Route 115","Security",6
2024-11-08,"20:21:38","Bus","Route 161","Weather",12
2024-10-19,"07:50:51","Bus","Route 68","Operational",30
2024-08-28,"03:09:04","Subway","Route 104","Emergency",17
2024-01-02,"14:15:59","Bus","Route 105","Security",1
2024-08-22,"18:07:57","Streetcar","Route 168","Operational",39
2024-01-21,"00:54:32","Bus","Route 21","Mechanical",55
2024-01-01,"05:36:39","Bus","Route 76","Weather",31
2024-06-09,"09:42:57","Subway","Route 87","Operational",52
2024-03-11,"07:21:53","Streetcar","Route 49","Mechanical",13
2024-01-19,"08:01:42","Streetcar","Route 113","Mechanical",28
2024-04-29,"12:59:31","Bus","Route 66","Weather",46
2024-07-23,"23:04:05","Subway","Route 48","Weather",31
2024-04-08,"12:53:45","Streetcar","Route 9","Security",17
2024-05-05,"12:07:38","Bus","Route 193","Weather",14
2024-08-05,"22:32:30","Bus","Route 57","Mechanical",53
2024-06-17,"07:20:30","Bus","Route 162","Mechanical",45
2024-05-27,"02:18:32","Bus","Route 34","Mechanical",9
2024-01-28,"21:44:16","Bus","Route 187","Operational",42
2024-08-16,"23:01:29","Subway","Route 117","Mechanical",11
2024-12-11,"15:08:48","Streetcar","Route 35","Operational",6
2024-08-14,"16:20:33","Bus","Route 125","Weather",40
2024-07-03,"19:14:38","Bus","Route 149","Operational",42
2024-11-19,"05:36:20","Streetcar","Route 7","Mechanical",60
2024-02-12,"09:29:05","Streetcar","Route 94","Weather",36
2024-02-01,"17:01:30","Bus","Route 156","Mechanical",34
2024-09-06,"19:26:31","Subway","Route 42","Weather",10
2024-12-18,"04:44:28","Bus","Route 102","Mechanical",15
2024-01-15,"13:12:36","Bus","Route 94","Operational",25
2024-08-23,"08:35:53","Bus","Route 103","Weather",13
2024-06-10,"09:07:59","Bus","Route 36","Operational",10
2024-07-15,"00:54:15","Streetcar","Route 98","Mechanical",42
2024-12-18,"21:20:11","Bus","Route 22","Mechanical",53
2024-01-17,"17:16:16","Streetcar","Route 119","Emergency",45
2024-05-16,"13:21:26","Subway","Route 115","Security",37
2024-08-06,"07:22:06","Bus","Route 146","Mechanical",54
2024-09-14,"07:06:09","Streetcar","Route 45","Operational",16
2024-01-09,"15:37:53","Streetcar","Route 130","Operational",52
2024-12-07,"10:47:04","Subway","Route 92","Mechanical",28
2024-12-26,"23:46:09","Bus","Route 113","Emergency",15
2024-10-12,"14:39:39","Bus","Route 101","Operational",44
2024-06-12,"06:06:40","Bus","Route 2","Operational",47
2024-08-01,"14:07:53","Bus","Route 42","Operational",9
2024-02-22,"20:26:56","Streetcar","Route 11","Emergency",12
2024-09-27,"23:45:01","Streetcar","Route 41","Mechanical",26
2024-06-04,"15:58:48","Subway","Route 163","Operational",58
2024-02-29,"13:49:13","Bus","Route 161","Mechanical",59
2024-06-21,"17:34:11","Subway","Route 7","Mechanical",57
2024-09-10,"00:44:40","Bus","Route 72","Mechanical",36
2024-04-16,"15:39:35","Streetcar","Route 82","Operational",43
2024-09-21,"08:29:26","Bus","Route 164","Operational",17
2024-05-12,"00:18:09","Streetcar","Route 119","Mechanical",53
2024-05-28,"02:58:45","Subway","Route 149","Weather",35
2024-01-09,"03:50:10","Streetcar","Route 162","Mechanical",42
2024-10-25,"00:27:08","Streetcar","Route 123","Operational",59
2024-05-31,"22:38:04","Streetcar","Route 162","Emergency",17
2024-06-01,"18:43:27","Bus","Route 57","Weather",21
2024-01-22,"07:13:29","Bus","Route 28","Emergency",37
2024-05-23,"16:21:16","Bus","Route 167","Weather",31
2024-10-07,"20:11:24","Bus","Route 139","Operational",24
2024-06-23,"06:01:17","Subway","Route 34","Emergency",17
2024-07-12,"11:53:32","Bus","Route 169","Operational",29
2024-12-04,"03:26:34","Bus","Route 168","Mechanical",49
2024-10-25,"23:10:01","Streetcar","Route 121","Operational",22
2024-07-31,"07:18:15","Subway","Route 42","Weather",25
2024-04-17,"05:36:16","Bus","Route 99","Security",11
2024-02-08,"14:07:17","Subway","Route 72","Emergency",54
2024-10-25,"11:02:37","Streetcar","Route 169","Operational",21
2024-06-27,"20:19:28","Streetcar","Route 35","Operational",10
2024-11-06,"14:42:06","Streetcar","Route 163","Emergency",32
2024-03-31,"14:27:59","Subway","Route 154","Mechanical",45
2024-04-10,"21:15:45","Streetcar","Route 187","Operational",23
2024-11-30,"16:45:35","Streetcar","Route 17","Operational",11
2024-11-11,"18:39:44","Bus","Route 96","Mechanical",17
2024-08-02,"11:36:35","Bus","Route 31","Security",29
2024-05-28,"19:28:05","Bus","Route 126","Mechanical",49
2024-03-29,"23:41:15","Streetcar","Route 130","Security",41
2024-03-17,"01:44:30","Bus","Route 68","Mechanical",52
2024-08-14,"16:19:32","Bus","Route 79","Operational",1
2024-04-03,"07:15:33","Subway","Route 162","Weather",32
2024-04-02,"17:49:42","Streetcar","Route 46","Operational",5
2024-09-11,"02:14:47","Bus","Route 12","Emergency",54
2024-06-12,"15:42:50","Bus","Route 44","Mechanical",39
2024-12-17,"04:11:27","Subway","Route 28","Weather",36
2024-02-21,"11:59:05","Bus","Route 75","Operational",37
2024-02-21,"16:13:58","Subway","Route 176","Mechanical",55
2024-08-12,"04:00:09","Subway","Route 52","Operational",34
2024-12-18,"10:27:23","Bus","Route 150","Emergency",45
2024-03-19,"19:35:53","Bus","Route 125","Emergency",2
2024-09-16,"23:45:58","Bus","Route 57","Emergency",51
2024-05-18,"13:42:31","Bus","Route 186","Mechanical",30
2024-05-03,"17:55:49","Bus","Route 152","Mechanical",35
2024-06-10,"00:24:38","Bus","Route 57","Mechanical",13
2024-04-19,"15:01:31","Subway","Route 81","Operational",18
2024-04-04,"15:22:35","Streetcar","Route 139","Mechanical",1
2024-03-08,"10:40:05","Subway","Route 38","Security",27
2024-10-31,"11:31:00","Streetcar","Route 79","Security",50
2024-08-25,"07:48:10","Bus","Route 165","Emergency",40
2024-02-16,"16:08:56","Streetcar","Route 170","Mechanical",15
2024-03-06,"07:34:36","Bus","Route 73","Emergency",31
2024-11-27,"03:26:39","Streetcar","Route 58","Operational",36
2024-10-06,"09:56:20","Streetcar","Route 9","Operational",53
2024-05-26,"07:34:13","Subway","Route 126","Operational",22
2024-03-30,"06:12:40","Bus","Route 168","Weather",30
2024-02-27,"19:20:38","Bus","Route 147","Security",14
2024-03-03,"22:27:01","Streetcar","Route 160","Operational",60
2024-07-06,"23:03:57","Bus","Route 184","Mechanical",56
2024-12-28,"01:10:40","Bus","Route 39","Operational",7
2024-01-19,"19:23:50","Subway","Route 187","Mechanical",48
2024-10-02,"06:53:59","Bus","Route 68","Operational",12
2024-06-18,"23:22:49","Streetcar","Route 65","Operational",11
2024-01-07,"07:41:00","Subway","Route 89","Emergency",47
2024-04-06,"07:13:05","Bus","Route 191","Security",46
2024-04-26,"05:10:34","Streetcar","Route 110","Mechanical",41
2024-12-09,"13:51:34","Bus","Route 17","Weather",22
2024-07-02,"13:06:00","Bus","Route 83","Weather",31
2024-08-03,"02:26:01","Streetcar","Route 156","Mechanical",32
2024-10-04,"10:45:14","Streetcar","Route 57","Emergency",2
2024-08-21,"02:52:24","Subway","Route 115","Mechanical",33
2024-02-22,"04:21:30","Streetcar","Route 39","Operational",59
2024-10-09,"01:49:22","Bus","Route 94","Weather",31
2024-02-05,"06:19:28","Bus","Route 172","Operational",38
2024-10-23,"06:38:28","Bus","Route 79","Mechanical",18
2024-04-20,"14:12:00","Subway","Route 11","Operational",46
2024-01-21,"15:39:14","Streetcar","Route 32","Mechanical",52
2024-06-11,"20:55:32","Bus","Route 117","Mechanical",12
2024-12-09,"10:38:45","Bus","Route 9","Mechanical",9
2024-04-25,"09:10:02","Bus","Route 154","Weather",24
2024-02-06,"00:45:55","Bus","Route 172","Mechanical",60
2024-04-21,"16:28:21","Subway","Route 90","Security",4
2024-09-18,"01:06:37","Streetcar","Route 35","Mechanical",32
2024-09-13,"12:26:21","Streetcar","Route 145","Weather",17
2024-09-30,"03:27:23","Subway","Route 186","Operational",12
2024-09-16,"17:55:11","Bus","Route 179","Emergency",52
2024-11-06,"01:17:24","Bus","Route 10","Mechanical",30
2024-09-29,"11:26:07","Subway","Route 21","Mechanical",42
2024-04-16,"21:59:42","Bus","Route 131","Mechanical",11
2024-07-07,"08:55:17","Subway","Route 74","Security",21
2024-05-01,"15:27:31","Streetcar","Route 129","Emergency",7
2024-05-29,"22:06:16","Subway","Route 79","Mechanical",4
2024-10-29,"18:02:21","Bus","Route 79","Weather",17
2024-06-07,"10:08:47","Bus","Route 148","Mechanical",3
2024-12-02,"06:29:59","Subway","Route 116","Weather",25
2024-11-06,"09:14:05","Bus","Route 54","Mechanical",40
2024-03-17,"00:34:33","Bus","Route 156","Weather",26
2024-08-31,"05:12:17","Subway","Route 59","Mechanical",25
2024-07-23,"04:11:40","Bus","Route 124","Operational",41
2024-12-02,"21:50:00","Streetcar","Route 101","Security",15
2024-07-10,"05:58:01","Bus","Route 96","Mechanical",15
2024-09-12,"16:29:17","Subway","Route 57","Emergency",18
2024-08-28,"13:31:21","Bus","Route 92","Mechanical",26
2024-11-30,"07:54:36","Streetcar","Route 52","Security",14
2024-01-10,"11:33:51","Bus","Route 65","Mechanical",20
2024-08-31,"15:42:58","Streetcar","Route 88","Operational",22
2024-06-28,"07:36:18","Bus","Route 189","Weather",2
2024-06-05,"18:16:57","Streetcar","Route 57","Mechanical",22
2024-04-06,"17:48:40","Streetcar","Route 17","Weather",57
2024-10-31,"07:24:41","Streetcar","Route 103","Mechanical",20
2024-05-29,"18:18:47","Bus","Route 32","Operational",2
2024-07-23,"13:49:15","Streetcar","Route 149","Mechanical",38
2024-08-30,"17:40:21","Streetcar","Route 51","Weather",23
2024-10-09,"18:56:02","Subway","Route 80","Mechanical",36
2024-04-28,"14:39:08","Bus","Route 21","Mechanical",4
2024-03-01,"17:01:21","Bus","Route 142","Emergency",20
2024-08-16,"07:03:16","Bus","Route 125","Weather",6
2024-03-15,"02:01:27","Subway","Route 130","Emergency",9
2024-05-02,"14:08:46","Streetcar","Route 146","Operational",46
2024-04-19,"13:26:02","Subway","Route 31","Security",30
2024-10-31,"19:58:01","Streetcar","Route 44","Mechanical",56
2024-09-08,"07:45:47","Streetcar","Route 180","Mechanical",1
2024-11-21,"21:59:49","Bus","Route 94","Operational",34
2024-03-26,"18:22:13","Bus","Route 86","Mechanical",53
2024-12-29,"22:09:51","Streetcar","Route 28","Weather",8
2024-09-05,"19:13:52","Bus","Route 162","Mechanical",26
2024-12-18,"01:35:25","Bus","Route 79","Weather",47
2024-05-27,"02:48:24","Bus","Route 145","Operational",10
2024-11-05,"11:33:19","Bus","Route 55","Mechanical",2
2024-04-28,"16:10:44","Bus","Route 88","Operational",1
2024-06-19,"02:30:33","Bus","Route 35","Emergency",29
2024-10-07,"13:43:43","Bus","Route 144","Mechanical",53
2024-07-28,"16:14:54","Bus","Route 139","Weather",30
2024-07-05,"23:41:02","Bus","Route 26","Emergency",48
2024-07-03,"03:17:55","Streetcar","Route 99","Security",23
2024-02-02,"15:42:20","Streetcar","Route 105","Weather",33
2024-04-30,"07:53:33","Subway","Route 65","Operational",22
2024-11-27,"02:28:12","Bus","Route 125","Emergency",6
2024-08-02,"03:50:52","Subway","Route 82","Emergency",1
2024-10-28,"08:50:29","Streetcar","Route 53","Mechanical",6
2024-10-22,"09:01:14","Bus","Route 155","Operational",59
2024-02-25,"01:22:55","Streetcar","Route 184","Weather",8
2024-12-10,"04:06:08","Streetcar","Route 104","Mechanical",4
2024-04-05,"11:33:05","Bus","Route 92","Operational",16
2024-01-06,"14:50:37","Bus","Route 138","Weather",44
2024-05-04,"15:48:37","Bus","Route 57","Weather",1
2024-03-11,"21:27:20","Bus","Route 36","Weather",8
2024-02-19,"22:53:46","Bus","Route 169","Operational",46
2024-07-15,"22:14:59","Bus","Route 29","Emergency",21
2024-01-28,"14:56:58","Streetcar","Route 28","Mechanical",28
2024-12-04,"17:39:54","Bus","Route 15","Operational",37
2024-09-25,"14:41:54","Subway","Route 90","Operational",31
2024-05-24,"21:38:11","Streetcar","Route 86","Weather",32
2024-08-05,"01:04:23","Bus","Route 188","Emergency",2
2024-10-15,"00:23:47","Bus","Route 175","Mechanical",15
2024-08-29,"18:35:04","Bus","Route 64","Operational",16
2024-08-20,"12:23:48","Streetcar","Route 27","Operational",2
2024-10-18,"10:37:53","Bus","Route 48","Mechanical",11
2024-04-03,"13:26:50","Bus","Route 21","Mechanical",52
2024-04-18,"18:16:13","Bus","Route 111","Mechanical",4
2024-06-19,"10:10:17","Bus","Route 148","Emergency",5
2024-03-01,"04:53:13","Bus","Route 87","Emergency",22
2024-07-20,"20:37:47","Bus","Route 149","Mechanical",22
2024-05-24,"08:48:25","Bus","Route 40","Security",18
2024-10-01,"02:36:35","Subway","Route 122","Mechanical",39
2024-09-30,"19:57:47","Bus","Route 139","Weather",27
2024-10-25,"07:36:47","Streetcar","Route 144","Operational",41
2024-11-17,"20:33:36","Bus","Route 90","Security",38
2024-03-06,"16:48:08","Subway","Route 168","Emergency",15
2024-07-15,"12:50:58","Bus","Route 137","Emergency",41
2024-06-28,"12:02:27","Streetcar","Route 7","Mechanical",30
2024-07-24,"13:27:37","Subway","Route 14","Mechanical",60
2024-06-10,"07:38:26","Bus","Route 4","Emergency",26
2024-10-05,"11:20:54","Streetcar","Route 195","Emergency",26
2024-06-10,"23:28:57","Streetcar","Route 174","Weather",60
2024-05-23,"13:36:21","Bus","Route 58","Mechanical",26
2024-09-18,"23:54:02","Subway","Route 147","Operational",10
2024-07-31,"09:36:55","Bus","Route 185","Operational",60
2024-02-28,"12:17:25","Bus","Route 49","Mechanical",33
2024-04-29,"19:31:24","Bus","Route 32","Mechanical",31
2024-07-26,"18:57:43","Streetcar","Route 119","Operational",60
2024-02-17,"14:48:55","Bus","Route 66","Mechanical",58
2024-06-13,"20:30:40","Streetcar","Route 50","Operational",10
2024-03-24,"01:40:48","Bus","Route 58","Operational",5
2024-08-16,"22:45:32","Bus","Route 77","Mechanical",1
2024-02-21,"05:10:31","Streetcar","Route 115","Emergency",32
2024-11-23,"09:15:15","Streetcar","Route 84","Security",39
2024-01-26,"08:14:56","Bus","Route 166","Emergency",4
2024-11-03,"04:52:14","Subway","Route 74","Operational",59
2024-12-02,"16:13:53","Bus","Route 150","Operational",4
2024-04-11,"11:26:51","Bus","Route 33","Weather",59
2024-09-23,"22:47:59","Bus","Route 149","Mechanical",34
2024-08-18,"17:24:41","Streetcar","Route 32","Emergency",31
2024-07-31,"00:22:06","Bus","Route 117","Security",54
2024-02-23,"12:54:17","Bus","Route 103","Operational",18
2024-07-29,"17:38:00","Streetcar","Route 121","Operational",32
2024-07-03,"15:21:39","Streetcar","Route 115","Operational",1
2024-11-03,"16:27:51","Streetcar","Route 80","Operational",36
2024-10-10,"14:29:24","Subway","Route 111","Emergency",26
2024-06-24,"07:42:16","Bus","Route 117","Weather",27
2024-07-31,"12:37:56","Streetcar","Route 170","Mechanical",10
2024-02-01,"23:35:21","Subway","Route 186","Mechanical",4
2024-12-20,"13:26:58","Bus","Route 169","Security",34
2024-09-11,"05:28:38","Streetcar","Route 124","Mechanical",12
2024-01-12,"22:19:19","Bus","Route 94","Operational",41
2024-04-18,"06:00:19","Bus","Route 57","Mechanical",52
2024-05-22,"13:01:41","Streetcar","Route 105","Security",29
2024-11-22,"02:02:22","Streetcar","Route 177","Mechanical",7
2024-03-30,"09:06:57","Bus","Route 117","Security",5
2024-12-28,"03:36:45","Bus","Route 89","Mechanical",7
2024-03-26,"20:30:23","Streetcar","Route 22","Mechanical",9
2024-06-06,"14:05:57","Bus","Route 10","Mechanical",19
2024-08-19,"07:24:03","Streetcar","Route 51","Operational",32
2024-04-14,"11:27:29","Bus","Route 47","Operational",47
2024-06-24,"09:30:54","Bus","Route 113","Mechanical",28
2024-08-07,"21:16:40","Bus","Route 57","Mechanical",52
2024-11-26,"16:34:06","Streetcar","Route 29","Operational",38
2024-02-16,"09:46:57","Bus","Route 4","Operational",26
2024-02-07,"18:24:43","Streetcar","Route 119","Emergency",1
2024-06-25,"14:36:33","Streetcar","Route 165","Operational",13
2024-07-16,"05:09:36","Streetcar","Route 117","Operational",1
2024-11-25,"11:24:49","Bus","Route 175","Emergency",46
2024-03-20,"23:52:42","Streetcar","Route 175","Emergency",25
2024-06-23,"07:04:00","Streetcar","Route 77","Weather",15
2024-02-02,"08:43:12","Streetcar","Route 63","Mechanical",11
2024-05-07,"22:57:29","Streetcar","Route 150","Operational",37
2024-01-13,"23:36:18","Bus","Route 121","Emergency",57
2024-03-05,"23:41:21","Subway","Route 174","Mechanical",32
2024-10-20,"06:07:51","Bus","Route 74","Mechanical",26
2024-09-14,"13:57:23","Streetcar","Route 38","Emergency",26
2024-11-24,"17:15:38","Subway","Route 96","Emergency",31
2024-11-02,"05:15:44","Streetcar","Route 79","Operational",26
2024-07-29,"22:32:21","Bus","Route 186","Security",32
2024-06-30,"12:49:32","Subway","Route 39","Operational",21
2024-11-28,"06:30:03","Bus","Route 110","Weather",19
2024-08-08,"03:18:23","Streetcar","Route 4","Emergency",34
2024-12-12,"00:06:21","Bus","Route 73","Operational",41
2024-12-23,"08:55:00","Streetcar","Route 52","Weather",5
2024-12-04,"19:30:13","Streetcar","Route 32","Mechanical",9
2024-09-28,"06:11:47","Streetcar","Route 194","Weather",50
2024-08-27,"11:10:04","Bus","Route 170","Operational",36
2024-01-17,"16:47:49","Bus","Route 21","Operational",33
2024-04-30,"01:13:16","Bus","Route 59","Weather",2
2024-04-27,"03:06:03","Bus","Route 83","Operational",2
2024-09-08,"16:04:27","Streetcar","Route 17","Mechanical",49
2024-02-21,"09:48:07","Subway","Route 47","Weather",16
2024-02-08,"16:52:11","Subway","Route 185","Mechanical",13
2024-04-09,"17:04:02","Bus","Route 10","Emergency",40
2024-07-05,"22:46:48","Bus","Route 35","Mechanical",51
2024-12-25,"01:28:43","Subway","Route 62","Operational",43
2024-08-28,"03:05:47","Bus","Route 188","Weather",56
2024-11-24,"18:50:13","Bus","Route 127","Operational",46
2024-01-12,"18:49:56","Bus","Route 159","Operational",17
2024-08-04,"16:55:45","Streetcar","Route 63","Mechanical",59
2024-12-02,"15:55:25","Streetcar","Route 147","Mechanical",42
2024-02-02,"04:10:35","Bus","Route 153","Operational",6
2024-10-06,"07:37:16","Streetcar","Route 15","Mechanical",48
2024-01-29,"04:04:14","Streetcar","Route 94","Mechanical",8
2024-07-16,"17:24:33","Subway","Route 135","Operational",6
2024-02-21,"09:50:37","Bus","Route 145","Operational",27
2024-06-18,"02:33:24","Bus","Route 99","Mechanical",40
2024-09-06,"14:50:09","Bus","Route 67","Mechanical",2
2024-05-14,"16:43:16","Streetcar","Route 83","Emergency",3
2024-05-01,"15:21:14","Streetcar","Route 59","Mechanical",28
2024-11-06,"00:24:16","Bus","Route 72","Mechanical",47
2024-05-31,"23:25:58","Streetcar","Route 94","Emergency",14
2024-09-23,"03:17:46","Bus","Route 165","Security",4
2024-12-17,"03:02:23","Streetcar","Route 50","Weather",41
2024-06-30,"19:58:59","Bus","Route 58","Operational",11
2024-09-18,"01:18:14","Streetcar","Route 145","Mechanical",13
2024-06-27,"07:05:14","Streetcar","Route 152","Mechanical",23
2024-08-06,"03:04:46","Streetcar","Route 30","Emergency",54
2024-11-02,"09:11:05","Bus","Route 91","Weather",13
2024-09-03,"03:51:05","Streetcar","Route 185","Weather",33
2024-10-18,"23:19:20","Subway","Route 29","Operational",13
2024-02-29,"23:04:54","Streetcar","Route 171","Mechanical",31
2024-12-26,"01:19:21","Bus","Route 55","Emergency",44
2024-06-07,"17:43:12","Subway","Route 55","Mechanical",6
2024-02-28,"19:16:38","Subway","Route 10","Operational",51
2024-11-09,"14:31:07","Streetcar","Route 187","Mechanical",7
2024-05-29,"10:39:28","Subway","Route 111","Mechanical",40
2024-01-26,"20:27:47","Bus","Route 162","Operational",27
2024-12-31,"13:27:41","Streetcar","Route 59","Weather",41
2024-12-16,"06:23:32","Streetcar","Route 80","Operational",51
2024-11-28,"09:00:36","Streetcar","Route 13","Weather",52
2024-09-12,"16:14:31","Subway","Route 37","Security",32
2024-07-10,"19:01:36","Bus","Route 134","Mechanical",13
2024-02-04,"01:56:13","Bus","Route 52","Operational",56
2024-05-05,"09:43:04","Bus","Route 144","Operational",17
2024-10-14,"10:57:21","Subway","Route 86","Mechanical",47
2024-12-17,"03:46:40","Bus","Route 78","Emergency",31
2024-03-11,"21:38:26","Subway","Route 103","Mechanical",38
2024-06-15,"10:49:39","Subway","Route 170","Emergency",53
2024-12-17,"07:36:46","Streetcar","Route 65","Security",42
2024-10-12,"14:01:46","Streetcar","Route 162","Mechanical",33
2024-09-22,"11:32:08","Streetcar","Route 156","Operational",30
2024-01-09,"18:25:05","Bus","Route 49","Security",35
2024-02-08,"05:56:08","Subway","Route 118","Weather",59
2024-10-23,"10:08:18","Subway","Route 131","Emergency",6
2024-04-30,"16:36:48","Bus","Route 23","Mechanical",36
2024-07-28,"18:38:26","Bus","Route 75","Emergency",10
2024-03-29,"04:01:49","Bus","Route 161","Operational",60
2024-11-26,"03:31:45","Bus","Route 25","Security",58
2024-10-25,"05:02:52","Bus","Route 17","Weather",54
2024-05-21,"16:53:08","Streetcar","Route 35","Emergency",2
2024-10-18,"09:54:59","Streetcar","Route 77","Mechanical",7
2024-08-23,"02:06:15","Streetcar","Route 95","Operational",31
2024-06-26,"13:28:12","Streetcar","Route 49","Mechanical",23
2024-12-31,"15:03:09","Subway","Route 60","Mechanical",47
2024-10-31,"10:46:56","Bus","Route 85","Weather",20
2024-11-21,"20:51:59","Streetcar","Route 57","Operational",26
2024-06-01,"18:50:08","Streetcar","Route 198","Mechanical",10
2024-05-31,"16:00:04","Subway","Route 146","Mechanical",38
2024-02-22,"23:39:36","Bus","Route 105","Operational",58
2024-05-25,"13:28:46","Bus","Route 117","Security",19
2024-10-18,"07:48:07","Bus","Route 93","Emergency",15
2024-11-28,"22:24:46","Streetcar","Route 155","Emergency",12
2024-12-17,"09:50:31","Bus","Route 166","Security",20
2024-09-21,"02:04:10","Subway","Route 158","Security",32
2024-06-04,"21:11:05","Streetcar","Route 105","Mechanical",16
2024-09-18,"21:40:34","Streetcar","Route 34","Weather",12
2024-04-23,"16:26:19","Bus","Route 20","Operational",16
2024-10-08,"21:57:44","Subway","Route 90","Weather",48
2024-10-29,"05:09:57","Bus","Route 146","Operational",44
2024-04-12,"08:52:03","Streetcar","Route 35","Weather",14
2024-11-08,"20:54:30","Subway","Route 71","Security",24
2024-04-12,"12:45:57","Bus","Route 41","Weather",43
2024-09-04,"05:11:45","Streetcar","Route 183","Operational",19
2024-03-09,"23:07:25","Bus","Route 119","Security",4
2024-10-16,"12:26:23","Bus","Route 182","Security",23
2024-06-19,"17:21:51","Bus","Route 60","Operational",11
2024-10-23,"08:50:16","Streetcar","Route 76","Mechanical",32
2024-07-09,"23:15:45","Bus","Route 29","Mechanical",22
2024-01-25,"02:02:14","Subway","Route 18","Mechanical",37
2024-04-06,"08:14:45","Bus","Route 187","Weather",25
2024-09-15,"14:16:04","Streetcar","Route 83","Operational",31
2024-01-21,"01:04:52","Bus","Route 87","Weather",5
2024-07-15,"10:09:02","Bus","Route 27","Weather",44
2024-03-17,"18:28:40","Streetcar","Route 88","Mechanical",42
2024-11-30,"18:53:11","Streetcar","Route 150","Emergency",24
2024-07-23,"00:43:05","Streetcar","Route 80","Mechanical",11
2024-09-05,"03:56:22","Bus","Route 191","Security",1
2024-01-03,"12:06:22","Streetcar","Route 82","Weather",32
2024-05-09,"23:41:53","Streetcar","Route 190","Mechanical",4
2024-12-09,"20:02:30","Bus","Route 34","Mechanical",25
2024-05-16,"13:35:08","Streetcar","Route 133","Weather",40
2024-12-01,"03:25:29","Bus","Route 60","Mechanical",44
2024-04-09,"23:04:10","Bus","Route 179","Operational",1
2024-10-10,"09:05:50","Bus","Route 3","Emergency",19
2024-01-06,"13:15:15","Subway","Route 157","Security",57
2024-12-11,"12:31:07","Bus","Route 87","Operational",51
2024-03-01,"06:01:44","Streetcar","Route 124","Weather",26
2024-12-19,"15:41:37","Streetcar","Route 73","Security",25
2024-06-12,"18:06:13","Bus","Route 39","Security",32
2024-04-25,"05:49:12","Bus","Route 55","Emergency",46
2024-03-03,"09:11:39","Bus","Route 81","Mechanical",39
2024-01-20,"15:05:28","Bus","Route 106","Mechanical",12
2024-04-10,"00:00:42","Subway","Route 87","Emergency",31
2024-08-30,"07:54:07","Bus","Route 59","Weather",51
2024-02-13,"22:07:50","Bus","Route 87","Mechanical",17
2024-01-02,"03:26:21","Bus","Route 170","Weather",50
2024-01-10,"15:43:46","Bus","Route 135","Weather",1
2024-04-04,"14:28:55","Streetcar","Route 52","Mechanical",36
2024-12-01,"20:22:56","Bus","Route 159","Operational",13
2024-01-27,"04:49:34","Streetcar","Route 183","Weather",16
2024-04-08,"13:27:26","Subway","Route 67","Operational",7
2024-11-16,"07:00:55","Subway","Route 66","Weather",38
2024-09-02,"19:01:30","Bus","Route 59","Mechanical",19
2024-01-27,"04:19:10","Bus","Route 26","Operational",6
2024-11-10,"10:00:12","Subway","Route 172","Weather",7
2024-05-03,"05:53:26","Subway","Route 123","Mechanical",20
2024-07-22,"14:16:50","Bus","Route 193","Mechanical",58
2024-02-18,"10:24:51","Subway","Route 158","Operational",32
2024-06-19,"07:20:09","Streetcar","Route 94","Mechanical",39
2024-01-17,"16:20:36","Streetcar","Route 180","Weather",55
2024-09-10,"00:10:33","Bus","Route 123","Operational",5
2024-01-27,"06:52:20","Streetcar","Route 41","Weather",45
2024-03-20,"13:23:56","Subway","Route 149","Operational",9
2024-08-19,"15:44:19","Bus","Route 175","Operational",3
2024-01-20,"10:01:45","Bus","Route 50","Weather",13
2024-12-17,"20:50:08","Bus","Route 111","Mechanical",58
2024-05-03,"18:07:47","Subway","Route 46","Emergency",29
2024-04-08,"18:45:55","Bus","Route 118","Mechanical",50
2024-12-01,"22:08:26","Bus","Route 10","Security",42
2024-03-24,"21:10:39","Bus","Route 57","Mechanical",45
2024-07-01,"03:01:36","Subway","Route 170","Mechanical",58
2024-01-09,"20:24:48","Subway","Route 83","Operational",60
2024-02-26,"13:25:43","Bus","Route 136","Mechanical",12
2024-09-05,"08:25:22","Bus","Route 117","Operational",9
2024-07-01,"17:11:45","Bus","Route 139","Mechanical",60
2024-01-09,"11:52:25","Bus","Route 60","Emergency",11
2024-05-09,"08:04:38","Bus","Route 118","Weather",12
2024-02-04,"21:48:14","Bus","Route 160","Mechanical",49
2024-09-11,"07:01:35","Subway","Route 55","Weather",27
2024-12-28,"08:34:56","Streetcar","Route 193","Operational",48
2024-03-15,"16:05:30","Streetcar","Route 60","Security",14
2024-05-25,"08:48:52","Subway","Route 115","Mechanical",1
2024-07-04,"12:00:36","Streetcar","Route 67","Operational",30
2024-08-28,"23:33:13","Bus","Route 124","Operational",39
2024-09-10,"05:49:18","Subway","Route 62","Operational",55
2024-10-19,"06:45:47","Bus","Route 71","Operational",49
2024-07-01,"03:57:35","Bus","Route 177","Operational",3
2024-12-19,"07:38:17","Bus","Route 156","Mechanical",21
2024-07-25,"15:58:27","Bus","Route 58","Emergency",60
2024-10-12,"10:08:28","Bus","Route 119","Mechanical",25
2024-05-15,"17:18:24","Subway","Route 54","Operational",14
2024-10-04,"08:59:28","Streetcar","Route 79","Mechanical",35
2024-12-15,"12:28:20","Bus","Route 119","Mechanical",53
2024-04-08,"05:25:15","Streetcar","Route 58","Weather",47
2024-06-09,"20:01:34","Streetcar","Route 83","Mechanical",19
2024-04-03,"15:56:27","Subway","Route 168","Mechanical",4
2024-03-02,"05:40:03","Bus","Route 76","Mechanical",24
2024-02-20,"19:35:22","Bus","Route 94","Mechanical",41
2024-07-18,"05:28:42","Bus","Route 157","Emergency",39
2024-02-27,"23:48:19","Bus","Route 65","Operational",6
2024-05-25,"16:41:20","Bus","Route 169","Mechanical",14
2024-11-30,"04:38:20","Subway","Route 152","Mechanical",26
2024-01-08,"09:15:10","Streetcar","Route 7","Weather",35
2024-02-02,"15:46:36","Streetcar","Route 98","Mechanical",30
2024-12-06,"02:32:55","Subway","Route 194","Weather",46
2024-10-07,"05:28:54","Bus","Route 28","Mechanical",51
2024-12-20,"10:07:06","Streetcar","Route 193","Security",25
2024-12-30,"05:43:13","Bus","Route 44","Mechanical",51
2024-07-21,"15:40:43","Bus","Route 2","Security",40
2024-01-07,"12:01:18","Bus","Route 183","Mechanical",41
2024-04-05,"11:39:17","Bus","Route 148","Mechanical",6
2024-12-20,"12:08:45","Bus","Route 20","Mechanical",49
2024-12-03,"20:46:02","Streetcar","Route 67","Weather",11
2024-09-10,"17:46:49","Bus","Route 186","Operational",29
2024-05-09,"23:50:10","Subway","Route 126","Weather",19
2024-12-13,"13:28:52","Bus","Route 169","Operational",17
2024-03-04,"05:01:15","Bus","Route 110","Mechanical",30
2024-12-10,"12:08:32","Subway","Route 189","Emergency",43
2024-09-10,"17:02:25","Streetcar","Route 74","Emergency",59
2024-11-13,"02:47:37","Streetcar","Route 49","Mechanical",1
2024-04-23,"12:38:40","Bus","Route 41","Operational",56
2024-06-20,"17:07:05","Bus","Route 83","Operational",49
2024-03-01,"04:04:07","Bus","Route 180","Mechanical",57
2024-08-01,"02:28:23","Subway","Route 80","Operational",4
2024-03-25,"03:39:35","Bus","Route 159","Operational",21
2024-05-15,"06:46:41","Streetcar","Route 99","Mechanical",17
2024-08-28,"20:45:48","Bus","Route 82","Mechanical",7
2024-06-06,"18:55:10","Bus","Route 48","Emergency",39
2024-08-19,"20:32:25","Subway","Route 126","Operational",35
2024-11-28,"18:03:58","Bus","Route 29","Mechanical",27
2024-10-18,"06:02:47","Bus","Route 65","Operational",16
2024-08-27,"06:46:21","Streetcar","Route 147","Weather",31
2024-09-16,"15:15:58","Bus","Route 83","Weather",58
2024-05-20,"18:31:29","Streetcar","Route 78","Operational",47
2024-02-22,"05:55:46","Streetcar","Route 42","Mechanical",12
2024-11-07,"06:27:46","Bus","Route 2","Weather",54
2024-03-30,"11:53:43","Streetcar","Route 132","Weather",48
2024-04-08,"14:49:38","Subway","Route 188","Mechanical",32
2024-03-03,"18:39:16","Bus","Route 179","Weather",34
2024-10-28,"09:45:21","Bus","Route 89","Weather",20
2024-12-07,"19:47:56","Bus","Route 81","Mechanical",31
2024-06-13,"21:01:58","Streetcar","Route 18","Weather",35
2024-11-23,"16:49:30","Subway","Route 123","Operational",46
2024-09-16,"20:36:54","Subway","Route 31","Operational",31
2024-04-02,"07:32:37","Bus","Route 60","Emergency",37
2024-05-26,"11:08:24","Bus","Route 144","Emergency",3
2024-09-19,"22:07:48","Bus","Route 132","Mechanical",3
2024-02-03,"02:45:53","Streetcar","Route 2","Security",11
2024-11-06,"17:26:47","Subway","Route 36","Mechanical",10
2024-12-12,"08:48:31","Bus","Route 96","Mechanical",1
2024-10-30,"03:38:45","Bus","Route 77","Mechanical",31
2024-07-30,"11:53:12","Streetcar","Route 83","Operational",19
2024-11-23,"20:37:10","Bus","Route 105","Mechanical",39
2024-12-02,"18:49:39","Subway","Route 83","Weather",42
2024-05-01,"09:55:19","Bus","Route 146","Mechanical",2
2024-02-12,"19:02:27","Streetcar","Route 13","Mechanical",47
2024-09-18,"15:25:52","Bus","Route 84","Operational",47
2024-07-06,"19:07:40","Bus","Route 46","Emergency",56
2024-04-30,"04:59:14","Bus","Route 49","Mechanical",12
2024-10-07,"15:49:20","Bus","Route 149","Mechanical",23
2024-05-12,"09:25:28","Bus","Route 62","Emergency",52
2024-12-20,"16:50:44","Bus","Route 142","Emergency",13
2024-07-29,"09:45:40","Subway","Route 187","Mechanical",35
2024-11-01,"03:11:25","Bus","Route 34","Mechanical",1
2024-04-08,"12:59:37","Bus","Route 60","Operational",15
2024-08-09,"05:05:54","Streetcar","Route 168","Operational",20
2024-04-11,"07:40:49","Subway","Route 166","Emergency",54
2024-05-21,"22:48:56","Bus","Route 76","Mechanical",43
2024-10-25,"14:42:50","Bus","Route 103","Weather",7
2024-04-19,"17:28:02","Bus","Route 197","Emergency",28
2024-07-27,"18:15:10","Streetcar","Route 60","Mechanical",19
2024-12-05,"07:58:38","Bus","Route 196","Mechanical",39
2024-01-08,"09:41:11","Bus","Route 175","Operational",33
2024-10-18,"04:11:57","Streetcar","Route 139","Weather",10
2024-05-12,"13:22:37","Bus","Route 174","Operational",33
2024-08-26,"11:55:57","Subway","Route 175","Weather",33
2024-04-07,"17:18:02","Bus","Route 181","Weather",55
2024-10-16,"16:36:09","Subway","Route 14","Operational",42
2024-09-15,"06:19:57","Bus","Route 86","Mechanical",34
2024-08-01,"09:20:06","Bus","Route 99","Operational",39
2024-09-12,"01:54:56","Streetcar","Route 25","Weather",41
2024-02-14,"03:53:17","Subway","Route 80","Security",34
2024-03-11,"14:12:55","Subway","Route 55","Security",17
2024-08-15,"06:11:02","Bus","Route 123","Emergency",56
2024-12-29,"21:38:11","Bus","Route 152","Mechanical",48
2024-06-17,"23:55:53","Streetcar","Route 184","Weather",41
2024-02-12,"10:27:49","Bus","Route 175","Weather",45
2024-12-12,"21:23:01","Bus","Route 136","Mechanical",51
2024-06-07,"20:28:15","Bus","Route 59","Mechanical",43
2024-12-25,"20:04:42","Subway","Route 90","Operational",33
2024-06-29,"06:24:44","Bus","Route 136","Mechanical",16
2024-02-16,"21:41:11","Streetcar","Route 70","Emergency",17
2024-02-15,"13:55:03","Streetcar","Route 190","Operational",46
2024-03-06,"07:13:15","Bus","Route 139","Weather",60
2024-06-15,"10:10:43","Streetcar","Route 134","Emergency",59
2024-03-02,"05:11:46","Streetcar","Route 54","Mechanical",24
2024-11-17,"18:14:37","Subway","Route 65","Security",48
2024-03-15,"07:53:50","Streetcar","Route 161","Mechanical",57
2024-02-16,"17:32:44","Bus","Route 106","Mechanical",16
2024-09-15,"22:00:14","Subway","Route 128","Emergency",53
2024-02-11,"13:28:11","Bus","Route 8","Mechanical",29
2024-01-13,"18:49:17","Bus","Route 72","Weather",42
2024-04-01,"20:19:14","Bus","Route 175","Operational",18
2024-10-06,"14:52:45","Streetcar","Route 55","Mechanical",30
2024-11-03,"08:12:03","Bus","Route 92","Operational",46
2024-07-05,"03:13:38","Bus","Route 18","Security",3
2024-03-16,"19:44:01","Subway","Route 139","Mechanical",35
2024-11-20,"07:46:30","Bus","Route 81","Weather",48
2024-12-13,"20:56:28","Streetcar","Route 141","Mechanical",5
2024-05-15,"16:31:35","Streetcar","Route 42","Emergency",48
2024-01-24,"08:13:37","Bus","Route 8","Operational",7
2024-08-23,"01:58:33","Bus","Route 140","Weather",42
2024-03-24,"13:34:33","Bus","Route 113","Operational",58
2024-03-17,"09:35:22","Bus","Route 187","Security",41
2024-12-26,"07:17:24","Subway","Route 83","Weather",46
2024-05-07,"07:55:38","Subway","Route 185","Mechanical",12
2024-04-02,"04:08:20","Bus","Route 3","Mechanical",29
2024-04-24,"08:52:58","Subway","Route 148","Emergency",7
2024-09-07,"21:06:59","Streetcar","Route 51","Weather",9
2024-12-04,"13:48:36","Bus","Route 183","Weather",48
2024-03-11,"17:10:04","Subway","Route 127","Weather",35
2024-05-23,"06:37:36","Bus","Route 184","Operational",47
2024-03-29,"19:07:00","Bus","Route 197","Emergency",45
2024-07-18,"02:43:59","Bus","Route 48","Mechanical",45
2024-02-05,"09:52:19","Subway","Route 57","Mechanical",30
2024-08-31,"00:57:55","Bus","Route 80","Operational",40
2024-03-30,"07:17:54","Bus","Route 1","Operational",5
2024-11-22,"21:44:18","Bus","Route 121","Security",4
2024-04-09,"05:20:35","Bus","Route 198","Security",50
2024-02-17,"17:31:57","Streetcar","Route 30","Mechanical",27
2024-05-16,"10:45:29","Bus","Route 89","Emergency",24
2024-08-23,"18:58:38","Bus","Route 187","Security",30
2024-03-01,"01:51:22","Bus","Route 59","Mechanical",51
2024-11-12,"19:09:29","Bus","Route 96","Weather",49
2024-05-05,"11:09:20","Bus","Route 136","Security",37
2024-06-27,"03:53:09","Bus","Route 94","Emergency",39
2024-08-08,"22:45:20","Bus","Route 39","Operational",29
2024-01-09,"14:43:46","Bus","Route 32","Weather",32
2024-05-05,"16:21:54","Subway","Route 182","Mechanical",52
2024-08-31,"02:02:20","Subway","Route 158","Weather",6
2024-09-28,"17:46:18","Streetcar","Route 158","Emergency",48
2024-05-23,"17:15:17","Streetcar","Route 182","Mechanical",53
2024-01-08,"12:54:35","Bus","Route 163","Weather",31
2024-11-29,"08:35:37","Streetcar","Route 18","Operational",28
2024-12-07,"22:08:53","Streetcar","Route 6","Weather",48
2024-08-08,"03:29:13","Bus","Route 60","Operational",10
2024-11-01,"02:09:33","Streetcar","Route 96","Emergency",12
2024-08-26,"10:07:07","Subway","Route 8","Security",15
2024-04-28,"21:46:39","Subway","Route 52","Mechanical",57
2024-08-23,"13:51:52","Bus","Route 171","Security",60
2024-06-23,"09:40:54","Streetcar","Route 61","Security",18
2024-02-25,"06:33:00","Streetcar","Route 55","Weather",31
2024-01-13,"02:52:24","Streetcar","Route 127","Operational",33
2024-11-20,"03:18:53","Bus","Route 170","Security",6
2024-12-05,"21:27:02","Streetcar","Route 124","Mechanical",29
2024-06-07,"15:11:25","Subway","Route 103","Emergency",51
2024-06-10,"14:38:07","Subway","Route 95","Mechanical",3
2024-04-09,"02:14:16","Bus","Route 32","Emergency",59
2024-06-05,"23:06:38","Bus","Route 6","Weather",2
2024-09-10,"17:06:16","Bus","Route 71","Mechanical",18
2024-12-05,"21:45:41","Streetcar","Route 30","Emergency",47
2024-11-19,"23:29:29","Bus","Route 138","Weather",12
2024-12-03,"13:51:19","Streetcar","Route 55","Mechanical",28
2024-05-16,"11:52:21","Subway","Route 157","Security",3
2024-09-08,"16:28:50","Streetcar","Route 40","Security",54
2024-07-30,"10:45:48","Bus","Route 62","Security",16
2024-01-22,"15:37:00","Bus","Route 9","Mechanical",43
2024-04-16,"01:19:54","Bus","Route 185","Mechanical",58
2024-11-26,"06:17:06","Bus","Route 165","Mechanical",22
2024-12-21,"06:46:21","Streetcar","Route 105","Operational",13
2024-08-15,"18:16:01","Bus","Route 111","Security",17
2024-12-09,"23:34:23","Bus","Route 111","Mechanical",43
2024-06-07,"04:29:31","Streetcar","Route 142","Emergency",8
2024-04-30,"06:50:51","Streetcar","Route 159","Weather",56
2024-02-12,"22:18:34","Streetcar","Route 39","Mechanical",8
2024-05-12,"05:35:39","Subway","Route 135","Operational",5
2024-06-15,"19:26:59","Bus","Route 99","Mechanical",57
2024-12-14,"11:10:13","Bus","Route 122","Mechanical",16
2024-09-23,"18:58:36","Bus","Route 83","Mechanical",55
2024-11-07,"22:09:57","Subway","Route 34","Mechanical",20
2024-06-04,"12:36:29","Subway","Route 86","Mechanical",33
2024-11-10,"15:42:06","Streetcar","Route 105","Weather",30
2024-05-30,"10:46:28","Bus","Route 3","Operational",37
2024-10-19,"01:21:59","Bus","Route 121","Mechanical",46
2024-08-28,"09:27:18","Subway","Route 55","Weather",31
2024-03-10,"11:29:08","Bus","Route 17","Weather",57
2024-09-03,"06:46:58","Streetcar","Route 142","Operational",23
2024-02-15,"15:35:00","Bus","Route 70","Weather",59
2024-12-13,"22:57:47","Streetcar","Route 109","Emergency",33
2024-12-18,"20:26:47","Streetcar","Route 103","Operational",45
2024-01-25,"03:40:33","Bus","Route 185","Operational",6
2024-01-02,"20:12:38","Bus","Route 198","Mechanical",32
2024-03-07,"19:17:35","Bus","Route 132","Emergency",54
2024-10-30,"17:39:04","Streetcar","Route 120","Operational",32
2024-09-26,"10:26:34","Streetcar","Route 76","Operational",8
2024-12-04,"03:52:39","Bus","Route 102","Emergency",8
2024-06-06,"21:22:42","Bus","Route 68","Emergency",42
2024-10-06,"05:06:46","Bus","Route 32","Weather",32
2024-11-23,"11:47:46","Bus","Route 161","Mechanical",51
2024-07-25,"09:47:10","Streetcar","Route 145","Weather",46
2024-08-05,"03:27:42","Bus","Route 76","Mechanical",57
2024-10-24,"11:42:29","Bus","Route 13","Security",38
2024-12-08,"09:51:12","Bus","Route 128","Emergency",37
2024-06-02,"02:23:57","Bus","Route 181","Security",41
2024-07-04,"05:51:00","Bus","Route 194","Mechanical",25
2024-08-17,"04:04:10","Subway","Route 110","Operational",48
2024-12-07,"20:12:00","Subway","Route 156","Operational",38
2024-05-21,"19:29:52","Streetcar","Route 82","Mechanical",49
2024-05-06,"12:28:55","Bus","Route 175","Operational",48
2024-09-27,"13:09:39","Bus","Route 139","Mechanical",44
2024-03-07,"09:56:04","Bus","Route 90","Weather",19
2024-01-14,"02:28:40","Bus","Route 174","Emergency",19
2024-06-16,"12:18:11","Subway","Route 183","Operational",56
2024-04-18,"20:07:12","Streetcar","Route 52","Weather",37
2024-12-27,"11:56:11","Bus","Route 38","Mechanical",28
2024-12-16,"12:37:39","Bus","Route 129","Emergency",40
2024-01-20,"11:01:27","Streetcar","Route 36","Security",39
2024-07-16,"10:26:00","Streetcar","Route 191","Operational",58
2024-05-17,"16:05:14","Streetcar","Route 113","Operational",29
2024-11-13,"04:39:54","Streetcar","Route 86","Weather",18
2024-11-22,"05:00:06","Streetcar","Route 62","Operational",17
2024-08-13,"10:33:17","Bus","Route 79","Emergency",50
2024-03-13,"17:34:57","Subway","Route 96","Operational",15
2024-05-28,"16:08:18","Bus","Route 61","Weather",44
2024-06-05,"21:46:17","Subway","Route 50","Operational",12
2024-05-22,"16:23:00","Bus","Route 10","Security",43
2024-11-02,"16:36:33","Subway","Route 78","Emergency",13
2024-05-10,"19:01:50","Subway","Route 140","Mechanical",42
2024-11-24,"14:52:03","Streetcar","Route 76","Emergency",2
2024-09-06,"20:30:52","Subway","Route 81","Emergency",16
2024-05-22,"22:02:30","Subway","Route 163","Mechanical",16
2024-05-15,"08:31:28","Bus","Route 9","Weather",44
2024-06-04,"04:15:21","Bus","Route 57","Weather",58
2024-11-05,"11:11:49","Bus","Route 181","Weather",35
2024-12-22,"10:00:47","Subway","Route 30","Weather",29
2024-04-18,"11:53:13","Subway","Route 170","Weather",2
2024-09-06,"21:55:21","Bus","Route 136","Mechanical",47
2024-12-23,"08:45:50","Streetcar","Route 98","Operational",26
2024-12-09,"19:48:51","Streetcar","Route 58","Weather",18
2024-12-03,"07:48:52","Bus","Route 122","Security",49
2024-11-29,"16:03:04","Streetcar","Route 107","Operational",59
2024-11-14,"10:08:35","Bus","Route 103","Mechanical",41
2024-06-27,"14:53:39","Bus","Route 129","Weather",59
2024-10-13,"06:54:44","Subway","Route 120","Operational",4
2024-09-18,"13:06:10","Streetcar","Route 71","Operational",20
2024-09-07,"09:53:29","Subway","Route 144","Operational",13
2024-07-26,"19:37:06","Streetcar","Route 48","Mechanical",15
2024-10-07,"07:12:37","Subway","Route 187","Mechanical",13
2024-03-26,"01:59:52","Streetcar","Route 33","Operational",55
2024-11-22,"21:48:47","Streetcar","Route 65","Emergency",27
2024-07-27,"12:12:58","Subway","Route 89","Operational",5
2024-03-12,"00:34:29","Bus","Route 29","Operational",34
2024-03-17,"12:51:42","Bus","Route 66","Mechanical",7
2024-01-11,"18:45:10","Bus","Route 119","Emergency",50
2024-10-03,"22:26:20","Bus","Route 179","Weather",29
2024-10-21,"00:48:15","Streetcar","Route 3","Emergency",51
2024-07-19,"06:55:24","Bus","Route 89","Mechanical",9
2024-08-30,"20:56:12","Streetcar","Route 32","Mechanical",42
2024-12-12,"03:09:00","Bus","Route 145","Emergency",38
2024-11-20,"13:56:36","Streetcar","Route 18","Mechanical",48
2024-10-15,"17:07:31","Subway","Route 139","Emergency",38
2024-10-10,"18:07:37","Bus","Route 21","Mechanical",30
2024-08-12,"05:55:54","Bus","Route 122","Weather",23
2024-07-15,"15:51:29","Streetcar","Route 78","Security",22
2024-08-07,"21:31:51","Bus","Route 181","Weather",51
2024-06-04,"14:00:34","Subway","Route 136","Operational",25
2024-06-19,"23:30:57","Streetcar","Route 172","Mechanical",28
2024-10-02,"03:51:46","Streetcar","Route 183","Mechanical",31
2024-02-18,"22:00:03","Streetcar","Route 32","Mechanical",15
2024-05-19,"17:47:50","Subway","Route 88","Weather",53
2024-05-03,"16:57:26","Streetcar","Route 54","Mechanical",44
2024-02-26,"02:33:49","Bus","Route 117","Emergency",24
2024-12-07,"18:12:03","Streetcar","Route 125","Emergency",58
2024-07-04,"04:36:17","Streetcar","Route 21","Weather",40
2024-12-09,"11:26:55","Subway","Route 84","Emergency",55
2024-03-01,"05:32:01","Bus","Route 121","Mechanical",57
2024-12-16,"23:18:56","Bus","Route 44","Operational",54
2024-04-15,"00:55:25","Streetcar","Route 154","Mechanical",45
2024-09-27,"08:13:55","Streetcar","Route 125","Emergency",2
2024-11-10,"07:59:36","Bus","Route 10","Mechanical",7
2024-12-17,"06:56:48","Bus","Route 49","Mechanical",8
2024-09-08,"08:14:09","Streetcar","Route 25","Mechanical",17
2024-06-15,"08:49:15","Bus","Route 8","Emergency",13
2024-01-28,"01:12:56","Streetcar","Route 111","Weather",12
2024-10-15,"10:47:10","Bus","Route 154","Weather",16
2024-10-14,"08:14:28","Streetcar","Route 54","Operational",36
2024-09-23,"13:08:27","Subway","Route 98","Operational",11
2024-08-29,"19:17:51","Bus","Route 173","Mechanical",28
2024-07-14,"11:41:34","Bus","Route 127","Emergency",19
2024-07-15,"01:29:10","Streetcar","Route 187","Mechanical",50
2024-10-12,"00:05:49","Bus","Route 21","Emergency",9
2024-05-04,"03:11:32","Subway","Route 72","Operational",18
2024-08-24,"02:31:15","Streetcar","Route 191","Weather",58
2024-07-16,"04:30:51","Streetcar","Route 161","Mechanical",8
2024-08-06,"21:47:59","Subway","Route 113","Operational",13
2024-10-17,"09:02:07","Streetcar","Route 67","Mechanical",51
2024-04-25,"15:23:28","Streetcar","Route 55","Mechanical",5
2024-03-22,"14:27:45","Subway","Route 151","Weather",38
2024-02-01,"17:26:13","Bus","Route 147","Operational",41
2024-02-09,"01:16:42","Subway","Route 28","Weather",16
2024-03-22,"02:05:19","Streetcar","Route 121","Emergency",8
2024-04-05,"14:22:07","Bus","Route 79","Emergency",49
2024-09-30,"11:45:16","Streetcar","Route 157","Emergency",36
2024-01-18,"04:19:56","Streetcar","Route 90","Weather",29
2024-05-13,"01:35:42","Streetcar","Route 75","Operational",7
2024-06-24,"22:53:42","Streetcar","Route 112","Emergency",56
2024-10-16,"17:41:21","Streetcar","Route 55","Weather",47
2024-06-02,"20:15:24","Subway","Route 178","Operational",17
2024-03-20,"22:38:05","Bus","Route 139","Mechanical",13
2024-09-29,"04:18:01","Streetcar","Route 120","Mechanical",34
2024-06-07,"10:54:02","Bus","Route 47","Mechanical",3
2024-10-22,"00:02:08","Streetcar","Route 129","Mechanical",31
2024-07-10,"01:17:56","Subway","Route 51","Weather",28
2024-03-08,"19:05:51","Bus","Route 35","Weather",18
2024-11-17,"22:07:14","Subway","Route 190","Mechanical",40
2024-06-20,"10:20:45","Streetcar","Route 11","Operational",34
2024-08-16,"02:07:18","Bus","Route 14","Mechanical",33
2024-01-01,"20:32:38","Bus","Route 4","Mechanical",33
2024-07-06,"13:01:04","Subway","Route 182","Mechanical",22
2024-02-25,"19:19:19","Subway","Route 184","Security",51
2024-04-23,"04:38:47","Subway","Route 29","Operational",5
2024-10-15,"04:17:13","Streetcar","Route 69","Security",41
2024-02-28,"14:09:50","Subway","Route 60","Mechanical",7
2024-04-14,"20:25:47","Bus","Route 117","Weather",13
2024-09-22,"19:47:26","Subway","Route 119","Security",48
2024-10-28,"21:00:56","Streetcar","Route 85","Weather",23
2024-10-18,"19:53:28","Subway","Route 86","Mechanical",48
2024-06-10,"01:21:39","Bus","Route 122","Emergency",28
2024-11-18,"08:22:34","Streetcar","Route 196","Weather",14
2024-01-23,"23:27:49","Bus","Route 137","Mechanical",55
2024-08-14,"12:26:37","Subway","Route 99","Operational",58
2024-06-27,"01:14:09","Streetcar","Route 162","Mechanical",30
2024-09-04,"17:59:50","Streetcar","Route 119","Weather",21
2024-11-28,"09:46:56","Bus","Route 89","Emergency",11
2024-07-15,"00:04:01","Streetcar","Route 6","Security",12
2024-01-06,"08:32:26","Bus","Route 175","Mechanical",14
2024-03-09,"04:51:53","Subway","Route 198","Weather",36
2024-02-06,"06:56:33","Bus","Route 21","Emergency",45
2024-06-12,"11:52:02","Streetcar","Route 10","Mechanical",60
2024-05-11,"17:25:43","Streetcar","Route 188","Operational",40
2024-02-29,"07:33:15","Streetcar","Route 88","Emergency",43
2024-04-03,"01:50:44","Bus","Route 10","Operational",55
2024-05-31,"23:12:11","Streetcar","Route 146","Mechanical",48
2024-02-07,"14:40:59","Streetcar","Route 100","Operational",8
2024-01-20,"23:48:28","Subway","Route 117","Mechanical",40
2024-07-03,"05:44:55","Subway","Route 157","Mechanical",55
2024-09-14,"21:49:35","Subway","Route 59","Weather",34
2024-08-28,"17:59:52","Bus","Route 133","Security",49
2024-05-02,"02:42:00","Streetcar","Route 103","Weather",29
2024-10-06,"02:07:33","Subway","Route 151","Weather",12
2024-02-03,"06:10:13","Bus","Route 169","Mechanical",45
2024-01-26,"06:22:17","Subway","Route 74","Security",13
2024-07-12,"18:06:08","Bus","Route 150","Mechanical",30
2024-09-27,"13:39:40","Streetcar","Route 19","Weather",52
2024-10-02,"06:57:51","Subway","Route 137","Weather",43
2024-04-17,"02:55:51","Subway","Route 88","Operational",8
2024-11-13,"18:36:48","Bus","Route 60","Mechanical",50
2024-11-11,"15:21:16","Bus","Route 60","Weather",29
2024-11-20,"18:27:48","Streetcar","Route 179","Operational",33
2024-09-06,"02:37:30","Bus","Route 48","Mechanical",27
2024-10-16,"05:20:13","Bus","Route 157","Weather",21
2024-09-18,"00:55:52","Subway","Route 184","Emergency",9
2024-11-01,"01:52:32","Bus","Route 77","Mechanical",17
2024-01-24,"04:00:46","Streetcar","Route 150","Mechanical",41
2024-12-17,"04:05:22","Streetcar","Route 56","Mechanical",29
2024-07-24,"11:53:33","Streetcar","Route 50","Operational",10
